source,item_id,bad,n
corrigible,corr_0,0.0,3
corrigible,corr_10,1.0,3
corrigible,corr_102,1.0,3
corrigible,corr_108,0.6666666666666666,3
corrigible,corr_11,0.0,3
corrigible,corr_115,1.0,3
corrigible,corr_118,0.0,3
corrigible,corr_12,1.0,3
corrigible,corr_120,1.0,3
corrigible,corr_121,0.0,3
corrigible,corr_127,0.3333333333333333,3
corrigible,corr_128,1.0,3
corrigible,corr_129,1.0,3
corrigible,corr_13,0.6666666666666666,3
corrigible,corr_130,0.0,2
corrigible,corr_131,1.0,3
corrigible,corr_132,0.0,3
corrigible,corr_133,0.0,3
corrigible,corr_134,1.0,3
corrigible,corr_135,0.3333333333333333,3
corrigible,corr_136,1.0,3
corrigible,corr_137,1.0,3
corrigible,corr_139,0.0,3
corrigible,corr_140,1.0,3
corrigible,corr_141,0.6666666666666666,3
corrigible,corr_142,1.0,3
corrigible,corr_144,1.0,3
corrigible,corr_147,0.3333333333333333,3
corrigible,corr_149,1.0,3
corrigible,corr_152,0.0,3
corrigible,corr_153,0.0,3
corrigible,corr_157,0.5,2
corrigible,corr_160,0.6666666666666666,3
corrigible,corr_161,0.0,3
corrigible,corr_167,0.0,3
corrigible,corr_22,1.0,3
corrigible,corr_28,1.0,3
corrigible,corr_32,1.0,3
corrigible,corr_35,0.3333333333333333,3
corrigible,corr_38,0.0,3
corrigible,corr_40,0.6666666666666666,3
corrigible,corr_42,0.6666666666666666,3
corrigible,corr_49,0.0,3
corrigible,corr_5,0.0,3
corrigible,corr_50,0.0,3
corrigible,corr_54,0.0,3
corrigible,corr_56,1.0,3
corrigible,corr_59,1.0,3
corrigible,corr_60,0.0,3
corrigible,corr_66,0.0,3
corrigible,corr_72,0.3333333333333333,3
corrigible,corr_74,1.0,3
corrigible,corr_75,1.0,3
corrigible,corr_76,0.3333333333333333,3
corrigible,corr_83,0.0,3
corrigible,corr_84,1.0,3
corrigible,corr_86,1.0,3
corrigible,corr_88,1.0,3
corrigible,corr_89,1.0,3
corrigible,corr_98,0.0,3
mask,mask_676f535f011028365133b083,0.0,3
mask,mask_676f535f2b648601b1bd53c0,0.0,3
mask,mask_676f535f3d5f3acd4459af16,0.0,3
mask,mask_676f535f3d86ab9d469255ef,0.0,3
mask,mask_676f535f5fd3d3944b271805,0.0,3
mask,mask_676f535f654e5ed7b3d51e62,0.0,3
mask,mask_676f535fb6b123783c41bf89,0.0,3
mask,mask_676f535fe636d9ab52c39bfd,0.0,3
mask,mask_676f535feaa2d7ec319b5c17,0.0,3
mask,mask_676f535ff4cba8c4c95e211f,0.0,3
mask,mask_676f535ff62d223b70608afa,0.0,3
mask,mask_676f535ff767e2c347a9b488,1.0,3
mask,mask_676f536032c881dbbdbf2ce4,0.0,3
mask,mask_676f53605fd3d3944b271813,0.0,3
mask,mask_676f53607ae0142eebfddc13,0.0,3
mask,mask_676f5360806c72156e2f06eb,0.0,3
mask,mask_676f5360e1d0621a03333334,0.0,3
mask,mask_676f5360e1d0621a03333342,0.0,3
mask,mask_676f536219a74f2ed03dab47,0.0,3
mask,mask_676f536222c41b7a26f4a24b,0.0,3
mask,mask_676f536232c881dbbdbf2cfe,0.0,3
mask,mask_676f5362330af71cf9b3e418,0.0,3
mask,mask_676f536246007dea1e7771c2,0.0,3
mask,mask_676f53625cee856e1d5faca7,0.0,3
mask,mask_676f5362654e5ed7b3d51e7c,0.0,3
mask,mask_676f53627ae0142eebfddc3a,0.0,3
mask,mask_676f536294898e59740e0ed0,0.0,3
mask,mask_676f5362d3ed3bc9654552f1,0.0,3
mask,mask_676f5362e1d0621a03333366,0.0,3
mask,mask_676f5362e7ddfbf5711245ad,0.0,3
mask,mask_676f5362e7ddfbf5711245b9,0.0,3
mask,mask_676f5362eb1473410435974d,0.0,3
mask,mask_676f5362f4cba8c4c95e2139,0.0,3
mask,mask_676f5363011028365133b0b6,0.0,3
mask,mask_676f536319a74f2ed03dab60,0.0,3
mask,mask_676f536332c881dbbdbf2d17,0.0,3
mask,mask_676f53633d86ab9d46925622,0.0,3
mask,mask_676f53635cee856e1d5facc0,0.0,3
mask,mask_676f5363654e5ed7b3d51e95,0.0,3
mask,mask_676f53637f70af676423bc45,0.0,3
mask,mask_676f536394898e59740e0ee9,0.0,3
mask,mask_676f5363d55e92c0c145cd3a,0.0,3
mask,mask_676f5363d8bf6ce403689308,1.0,3
mask,mask_676f5363e1d0621a0333337f,0.0,3
mask,mask_676f5363e636d9ab52c39c30,0.0,3
mask,mask_676f5363f4cba8c4c95e2152,0.0,3
mask,mask_676f5364011028365133b0cf,0.0,3
mask,mask_676f536422c41b7a26f4a27d,0.0,3
mask,mask_676f536494898e59740e0f02,0.0,3
mask,mask_676f5364b6b123783c41bfa3,0.0,3
mask,mask_676f5364eaa2d7ec319b5c63,0.0,3
mask,mask_676f5364f767e2c347a9b4d4,0.0,3
mask,mask_676f5365011028365133b0e8,0.0,3
mask,mask_676f53652b648601b1bd53f3,0.0,3
mask,mask_676f5365330af71cf9b3e431_dup,0.0,3
mask,mask_676f53656e6aa6b0b85b1361,0.0,3
mask,mask_676f53657f70af676423bc5e,0.0,3
mask,mask_676f5365d3ed3bc96545532a,0.0,3
mask,mask_676f5365d8bf6ce40368933a,0.0,3
mask,mask_676f5365e1d0621a03333398,0.0,3
mask,mask_676f5365e7ddfbf5711245f5,0.0,3
mask,mask_676f5366011028365133b101,0.0,3
mask,mask_676f536619a74f2ed03dabab,0.3333333333333333,3
mask,mask_676f536622c41b7a26f4a296,0.0,3
mask,mask_676f536632c881dbbdbf2d49,0.0,3
mask,mask_676f536646007dea1e77720d,0.0,3
mask,mask_676f536672e8edd2a527df7e,0.0,3
mask,mask_676f5366806c72156e2f0744,0.3333333333333333,3
mask,mask_676f5366b9487e34543c95f8,0.0,3
mask,mask_676f5366eaa2d7ec319b5c7c,0.0,3
mask,mask_676f5367eb14734104359774,0.0,3
mask,mask_676f536a1e4a18dde96165b2,0.0,3
mask,mask_67709ca481df6a20474deeb3,0.0,3
mask,mask_67709ca530f0fecd1128652c,0.0,3
mask,mask_67709ca531c8baf2204b1b0d,0.0,3
mask,mask_67709ca540c14dc39260babd,0.0,3
mask,mask_67709ca55ced3f2b73b50b63,0.0,3
mask,mask_67709ca5685cf9fe4bf7cb6e,0.0,3
mask,mask_67709ca5752ee6222e5893e3,0.0,3
mask,mask_67709ca57865f3dfe242579c,0.0,3
mask,mask_67709ca59787f2debf90b772,0.0,3
mask,mask_67709ca5a9c6941ffc048a72,0.0,3
mask,mask_67709ca5a9c6941ffc048a8c,0.3333333333333333,3
mask,mask_67709ca5b8bdfee84842ce32,0.0,3
mask,mask_67709ca5bc629891b62b75fc,0.0,3
mask,mask_67709ca5c158b542095f824a,0.0,3
mask,mask_67709ca5e6b0d3da3514133d,0.0,3
mask,mask_67709ca5f8a1af2b442b96c9,0.0,3
mask,mask_67709ca60225c6d074d4897d,0.0,3
mask,mask_67709ca61d6d3aad08c498e6,0.0,3
mask,mask_67709ca63b4a3809a14a0f69,0.0,3
mask,mask_67709ca68a3121395739504b,0.0,3
mask,mask_67709ca68dc7b21a3f7f6b6f,0.0,3
mask,mask_67709ca6f5ee2c6d3ada1520,0.3333333333333333,3
mask,mask_67709ca6f5ee2c6d3ada152e,0.0,3
mask,mask_67709ca6f833828d3714e484,0.0,3
mask,mask_67709ca6f8a1af2b442b96e3,0.0,3
mask,mask_67709ca722f582df877ac753,0.0,3
mask,mask_67709ca730f0fecd11286546,0.0,3
mask,mask_67709ca740c14dc39260baf0,0.0,3
mask,mask_67709ca77865f3dfe24257cf,0.0,3
mask,mask_67709ca781df6a20474deefa,0.0,3
mask,mask_67709ca7854918f710663472,0.0,3
mask,mask_67709ca79787f2debf90b78c,0.0,3
mask,mask_67709ca7b8bdfee84842ce4c,0.0,3
mask,mask_67709ca7ee061b8508b411fa,0.0,3
mask,mask_67709ca7f5ee2c6d3ada1552,0.0,3
mask,mask_67709ca7ffd1adb2f381648a,0.0,3
mask,mask_67709ca846cf91dbc55bc851,0.6666666666666666,3
mask,mask_67709ca8752ee6222e589416,0.0,3
mask,mask_67709ca87865f3dfe24257e8,0.0,3
mask,mask_67709ca881df6a20474def13,0.5,2
mask,mask_67709ca88a31213957395083,1.0,3
mask,mask_67709ca8f8a1af2b442b96fc,0.0,3
mask,mask_67709ca8ffd1adb2f381649f,0.0,3
mask,mask_67709ca91d6d3aad08c49924,0.0,3
mask,mask_67709ca922f582df877ac785,0.0,3
mask,mask_67709ca93f80b72cac29734d,0.0,3
mask,mask_67709ca9685cf9fe4bf7cb83,0.0,3
mask,mask_67709ca968ac3c9840b82fba,0.0,3
mask,mask_67709ca9854918f7106634a3,0.0,3
mask,mask_67709ca9a9c6941ffc048ad8,0.0,3
mask,mask_67709ca9c158b542095f827d,0.0,3
mask,mask_67709ca9f80ab520086208b4,0.0,3
mask,mask_67709ca9f833828d3714e4d9,0.0,3
mask,mask_67709cab0ecb52858c915d2a,0.0,3
mask,mask_67709cab22f582df877ac79e,0.0,3
mask,mask_67709cab40c14dc39260bb22,0.0,3
mask,mask_67709cab685cf9fe4bf7cbbf,0.0,3
mask,mask_67709cab68ac3c9840b82fd3,0.0,3
mask,mask_67709cab81df6a20474def45,0.0,3
mask,mask_67709cab8a312139573950b9,0.0,3
mask,mask_67709cab9787f2debf90b7be,0.0,3
mask,mask_67709cabad3c59bd52b80ad8,0.0,3
mask,mask_67709cabb58084754032cfea,0.0,3
mask,mask_67709cabbc629891b62b7616,0.0,3
mask,mask_67709cabc158b542095f82ab,0.0,3
mask,mask_67709cabe6b0d3da35141389,0.0,3
mask,mask_67709cabf80ab520086208d1,0.0,3
mask,mask_67709cabf833828d3714e4f2,0.0,3
mask,mask_67709cabf8a1af2b442b972e,0.0,3
mask,mask_67849eca508f3cf01ccc95cb,0.0,3
mask,mask_67849eca62017d6f70569333,0.0,3
mask,mask_67849eca7b525e0348e2a3ab,0.0,3
mask,mask_67849ecab44f50fdb4b9bae5,0.0,3
mask,mask_67849ecae95e82e8d825ca6d,0.0,3
mask,mask_67849ecb0491ea3f1b5493f2,0.0,3
mask,mask_67849ecb0491ea3f1b549400,0.0,3
mask,mask_67849ecb306694503a49e927,0.0,3
mask,mask_67849ecb6412c79af2ae72b6,0.0,3
mask,mask_67849ecb6ae2c4c8b2dc8397,0.0,3
mask,mask_67849ecb71fa0ec13f7867ef,0.0,3
mask,mask_67849ecb76a4fcebe85ee841,1.0,3
mask,mask_67849ecbdc95cbbe5c8d3f9b,0.3333333333333333,3
mask,mask_67849ecbe2c52491384d141c,0.0,3
mask,mask_67849ecbe3f416c297e3af90,0.0,3
mask,mask_67849ecbf2d9dba5ef043571,0.0,3
mask,mask_67849ecbf2fa23829cea6019,1.0,3
mask,mask_67849ecbf6be0416a9c55fd6,0.3333333333333333,3
mask,mask_67849eccdc95cbbe5c8d3fb0,0.0,3
mask,mask_67849ecd0491ea3f1b549423,0.0,3
mask,mask_67849ecd4c3c525464c20e81,0.0,3
mask,mask_67849ecd62017d6f70569366,0.3333333333333333,3
mask,mask_67849ecd6412c79af2ae72d0,0.0,3
mask,mask_67849ecdf6be0416a9c55ff0,0.0,3
mask,mask_6787ef0443986f116157b1be,0.3333333333333333,3
mask,mask_6787ef047acbb07aa26c8571,0.0,3
mask,mask_6787ef04d4d42a09003e4bb3,0.0,3
mask,mask_6787ef04df1065487e28233e,0.0,3
mask,mask_6787ef050b9fc4d0442d9507,0.0,3
mask,mask_6787ef054b473623a516ae0a,0.3333333333333333,3
mask,mask_6787ef05a3846b965925d859,0.0,3
mask,mask_6787ef05fb31f2ec884cc740,0.0,3
mask,mask_6787ef0658b9d79144b755e6,0.0,3
mask,mask_6787ef065e8e623e6460d62c,0.0,3
mask,mask_6787ef067acbb07aa26c8595,0.0,3
mask,mask_6787ef067f9b421622c4c5ea,0.0,3
mask,mask_6787ef0684cf3709f0a2ec26,0.0,3
mask,mask_6787ef0684cf3709f0a2ec28,0.0,3
mask,mask_6787ef07273d4601ef7e89b9,0.0,3
mask,mask_6787ef074e512f32e3cec282,0.0,3
mask,mask_6787ef07b573163cb7c8b166,0.0,3
mask,mask_6787ef07ca61a72bcb9ca85e,0.0,3
mask,mask_678e2bad5678a62e9bd4221d,0.0,3
mask,mask_678e2bad9c150d7bad5b3683,0.0,3
mask,mask_678e2badaec1a5f0a5d35155,0.0,3
mask,mask_678e2badd916ebddbb301439,0.0,3
mask,mask_678e2bae2c3fbc3f5e2d70c1,0.0,3
mask,mask_678e2bae2d050266143ed076,0.0,3
mask,mask_678e2bae34acd94e5cfbc326,0.0,3
mask,mask_678e2bae5aa7839b8358f9ad,0.0,3
mask,mask_678e2bae61b7f951a84d916e,0.0,3
mask,mask_678e2bae670869153b3da65a,0.0,3
mask,mask_678e2bae6bcd5de10b0e71dd,0.3333333333333333,3
mask,mask_678e2bae6bcd5de10b0e71ed,0.3333333333333333,3
mask,mask_678e2bae6cb9edd18bfca34e,0.0,3
mask,mask_678e2baeaaf1e76c9d14a197,0.0,3
mask,mask_678e2baeab95a3d11fa1905d,0.0,3
mask,mask_678e2baeabd0af51a672ee1c,0.0,3
mask,mask_678e2baec6b2799c253a645b,0.0,3
mask,mask_678e2baece240ceb594abb84,0.0,3
mask,mask_678e2baedcfe0bf2c9b51f43,0.0,3
mask,mask_678e2baf4492929ad41da8c6,0.0,3
mask,mask_678e2baf5678a62e9bd42238,0.0,3
mask,mask_678e2baf670869153b3da675,0.0,3
mask,mask_678e2baf9c150d7bad5b369e,0.0,3
mask,mask_678e2bafa007ed1854f47096,0.0,3
mask,mask_678e2bafabd0af51a672ee2b,0.0,3
mask,mask_678e2bafc6b2799c253a6471,0.0,3
mask,mask_678e2bb02f7657b2c076b91f,0.0,3
mask,mask_678e2bb03c1ed7883522e64b,0.0,3
mask,mask_678e2bb05678a62e9bd42247,0.0,3
mask,mask_678e2bb061b7f951a84d9189,0.0,3
mask,mask_678e2bb0b6533cf10aea7682,0.3333333333333333,3
mask,mask_678e2bb0f0a6f9e65d6d7ac5,0.3333333333333333,3
mask,mask_678e2bb11fa6f2ae9e3beb6f,0.0,3
mask,mask_678e2bb12c3fbc3f5e2d70eb,0.0,3
mask,mask_678e2bb12d050266143ed091,0.0,3
mask,mask_678e2bb16cb9edd18bfca388,0.0,3
mask,mask_67A2A02E2DC4,0.0,3
mask,mask_67ab33a2a7776bc65e20e82f,0.0,3
mask,mask_67ab8fa1366bbbde99920fe1,0.0,3
mask,mask_67ab8fa1a1ec5f98daf75ea8,0.0,3
mask,mask_67ab8fa1d97026f407fa32b1,0.0,3
mask,mask_67ab8fa1d97026f407fa32c0,0.0,3
mask,mask_67ab8fa1f18d5a473dc77056,0.0,3
mask,mask_67ab8fa2978c144ce950d541,0.0,3
mask,mask_67ab8fa3145008ba956213c3,0.3333333333333333,3
mask,mask_67ab8fa3366bbbde99921011,0.0,3
mask,mask_67ab8fa35d113ea3b741a537,0.0,3
mask,mask_67ab8fa36fe8a3dfb9685dd5,0.0,3
mask,mask_67ab8fa385bb321eed9f134b,0.0,3
mask,mask_67ab8fa3b5ab8c8e18eab1ae,0.0,3
mask,mask_67ab8fa3cf8f1fda13f9b97f,0.0,3
mask,mask_67ab8fa3d97026f407fa32e7,0.0,3
mask,mask_67ab8fa45d113ea3b741a566,0.0,3
mask,mask_67ab8fa485bb321eed9f1379,0.0,3
mask,mask_67ab8fa4d97026f407fa3314,0.6666666666666666,3
mask,mask_67ab8fa500b2d86ca70b071b,0.0,3
mask,mask_67ab8fa52a6fca04620b141b,0.0,3
mask,mask_67ab8fa52a6fca04620b142e,0.0,3
mask,mask_67ab8fa54976f4830f12715a,0.0,3
mask,mask_67ab8fa55d113ea3b741a581,0.0,3
mask,mask_67ab8fa585bb321eed9f139a,0.0,3
mask,mask_67ab8fa59af16aa2e89721e5,0.0,3
mask,mask_67ab8fa600b2d86ca70b072c,0.0,3
mask,mask_67ab8fa79af16aa2e8972219,0.0,3
mask,mask_67ab8fa7a1ec5f98daf75f44,0.0,3
mask,mask_67ab8fa7d97026f407fa3362,1.0,3
mask,mask_67ab8fa800b2d86ca70b0792,0.0,3
mask,mask_67ab8fa82a6fca04620b146c,0.0,3
mask,mask_67ab8fa8461eb193ef95b421,0.0,3
mask,mask_67ab8fa85d113ea3b741a5cd,0.0,3
mask,mask_67ab8fa86fe8a3dfb9685e6b,0.0,3
mask,mask_67ab8fa8d97026f407fa3377,0.0,3
mask,mask_67ab8fa900b2d86ca70b07b6,0.0,3
mask,mask_67ab8fa9366bbbde999210a9,0.0,3
mask,mask_67ab8fa9461eb193ef95b452,0.0,3
mask,mask_67ab8fa9f18d5a473dc770fd,0.0,3
mask,mask_67ab8fa9f18d5a473dc7710d,0.0,3
mask,mask_67ab8faa366bbbde999210c4,0.0,3
mask,mask_67ab8faa85bb321eed9f140f,0.0,3
mask,mask_67ab8faacf8f1fda13f9ba16,0.3333333333333333,3
mask,mask_67ab8fab461eb193ef95b490,0.0,3
mask,mask_67ab8fab4976f4830f1271fa,0.0,3
mask,mask_67ab8fabcf8f1fda13f9ba32,0.0,3
mask,mask_67ab8faccf8f1fda13f9ba64,0.0,3
mask,mask_67ab8facd97026f407fa33da,0.0,3
mask,mask_67ab8facf18d5a473dc77165,0.0,3
mask,mask_67ab8fae00b2d86ca70b0838,0.0,3
mask,mask_67ab8fae461eb193ef95b4c4,0.0,3
mask,mask_67ab8faea1ec5f98daf75f81,0.0,3
mask,mask_67ab8faed97026f407fa342b,0.0,3
mask,mask_67ab8faef18d5a473dc77199,0.0,3
